{"@Gurveer": 1485.3235999957672, "@Raj": 1485.3235999957672, "@Davinder": 1514.6764000042328, "@Preet": 1514.6764000042328}